{
  "hash": "5985d04e",
  "configHash": "59811265",
  "lockfileHash": "66b19e4b",
  "browserHash": "4c5e6b70",
  "optimized": {
    "@angular/core": {
      "src": "../../../../../../node_modules/@angular/core/fesm2022/core.mjs",
      "file": "@angular_core.js",
      "fileHash": "abfa3ab2",
      "needsInterop": false
    },
    "@angular/platform-browser": {
      "src": "../../../../../../node_modules/@angular/platform-browser/fesm2022/platform-browser.mjs",
      "file": "@angular_platform-browser.js",
      "fileHash": "55c42928",
      "needsInterop": false
    },
    "@angular/router": {
      "src": "../../../../../../node_modules/@angular/router/fesm2022/router.mjs",
      "file": "@angular_router.js",
      "fileHash": "02c9f466",
      "needsInterop": false
    },
    "zone.js": {
      "src": "../../../../../../node_modules/zone.js/fesm2015/zone.js",
      "file": "zone__js.js",
      "fileHash": "aed1898c",
      "needsInterop": true
    },
    "@angular/common": {
      "src": "../../../../../../node_modules/@angular/common/fesm2022/common.mjs",
      "file": "@angular_common.js",
      "fileHash": "1558b9f1",
      "needsInterop": false
    }
  },
  "chunks": {
    "chunk-HI7YLTT5": {
      "file": "chunk-HI7YLTT5.js"
    },
    "chunk-LXTPW7W3": {
      "file": "chunk-LXTPW7W3.js"
    },
    "chunk-3CZ6QWIZ": {
      "file": "chunk-3CZ6QWIZ.js"
    },
    "chunk-WDMUDEB6": {
      "file": "chunk-WDMUDEB6.js"
    }
  }
}